n,line,species,rest_um,predicted_from_seed_um,observed_peak_um,z_line,peak_residual_flux,offset_nm_vs_seed
1,[N II] 6548,"ionized nitrogen, forbidden line",0.654805,2.2683672642648465,2.2735464523444637,2.472096963744113,2.251892161788419,5.1791880796172585
2,H-alpha 6563,hydrogen Balmer-alpha,0.656281,2.273480404943453,2.2735464523444637,2.4642880905350966,2.251892161788419,0.0660474010105716
3,[N II] 6583,"ionized nitrogen, forbidden line",0.658345,2.2806304878436183,2.2735464523444637,2.4534270820686173,2.251892161788419,-7.084035499154595
