rank_by_target_distance,image_filename,channel_index,center_frequency_GHz,group_low_GHz,group_high_GHz,offset_MHz,velocity_km_s,captures_279.901_GHz,target_template_SNR
1,JWST_0222_MODEL_G_NEAR_TARGET_CH14_279.903179GHz_+2.179MHz.png,14,279.9031793105,279.9012260315,279.9051325895,2.1793104999687785,-2.334185485335347,NO,-0.33820482583568995
2,JWST_0222_MODEL_G_NEAR_TARGET_CH13_279.898296GHz_-2.704MHz.png,13,279.89829611299996,279.896342834,279.900249392,-2.7038870000524184,2.896041564338679,NO,2.1706241722392607
3,JWST_0222_MODEL_G_NEAR_TARGET_CH15_279.908063GHz_+7.063MHz.png,15,279.908062508,279.906109229,279.910015787,7.062507999989975,-7.564412535009373,NO,1.2258368164081783
4,JWST_0222_MODEL_G_NEAR_TARGET_CH12_279.893413GHz_-7.587MHz.png,12,279.89341291549994,279.8914596365,279.8953661945,-7.587084500073615,8.126268614012705,NO,0.830464776420313
5,JWST_0222_MODEL_G_NEAR_TARGET_CH16_279.912946GHz_+11.946MHz.png,16,279.91294570549996,279.9109924265,279.9148989845,11.945705499954329,-12.794639584622516,NO,1.6791467800893667
