n,line,species,rest_um,predicted_observed_um,measured_peak_um,z_line,offset_nm_vs_scan,relative_line_weight,measured_peak_residual_flux
1,[N II] 6548,ionized nitrogen,0.654805,2.2683672642648465,2.2735464523444637,2.472096963744113,5.1791880796172585,0.45,2.251892161788419
2,H-alpha 6563,hydrogen Balmer-alpha,0.656281,2.273480404943453,2.2735464523444637,2.4642880905350966,0.0660474010105716,1.0,2.251892161788419
3,[N II] 6583,ionized nitrogen,0.658345,2.2806304878436183,2.2735464523444637,2.4534270820686173,-7.084035499154595,0.7,2.251892161788419
