n,line,species,rest_wavelength_um,predicted_observed_um_from_scan_z,local_peak_observed_um,z_from_line_peak,offset_from_scan_nm,relative_weight,peak_residual_flux
1,[N II] 6548,forbidden nitrogen line,0.654805,2.2683687578158285,2.2735464523444637,2.472096963744113,5.177694528635257,0.45,2.251892161788419
2,Hα 6563,hydrogen Balmer alpha,0.656281,2.2734819018610577,2.2735464523444637,2.4642880905350966,0.06455048340603398,1.0,2.251892161788419
3,[N II] 6583,forbidden nitrogen line,0.658345,2.2806319894690197,2.2735464523444637,2.4534270820686173,-7.085537124555952,0.7,2.251892161788419
