z_scan,z_triplet_average,z_triplet_std,z_gaussian_shared_fit,gaussian_sigma_um,fit_status
2.46418973253996,2.4632707121159423,0.00937642866874557,2.4642758360649943,0.0012357813087287032,ok
