n,label,mass_kg,mass_Msun,schwarzschild_radius_km,schwarzschild_radius_AU,hawking_temperature_K,log10_T_K,T_over_CMB,note
1,Asteroid-mass,1000000000000000.0,5.028992139685286e-16,1.4852320538237332e-15,9.928163060570442e-24,122690066.98422717,8.08880940357004,45015618.045946494,theoretical tiny BH
2,Earth-mass,5.9722e+24,3.0034146856628466e-06,8.8701028718461e-06,5.92929754303388e-14,0.0205435295174688,-1.687324939595803,0.007537526882211998,hypothetical BH
3,1 solar mass,1.98847e+30,1.0,2.9533393820668783,1.9741854401052504e-08,6.170073824811396e-08,-7.209709639610777,2.2638318931614e-08,stellar reference
4,10 solar masses,1.98847e+31,10.0,29.533393820668785,1.9741854401052506e-07,6.170073824811395e-09,-8.209709639610777,2.2638318931614e-09,stellar BH
5,Sagittarius A*,8.152727e+36,4100000.0,12108691.466474202,0.08094160304431527,1.5048960548320476e-14,-13.822493496330512,5.521541202832683e-15,Milky Way center
6,1 billion solar masses,1.98847e+39,1000000000.0,2953339382.0668783,19.741854401052503,6.170073824811396e-17,-16.209709639610775,2.2638318931614002e-17,supermassive BH
